{"cameraMode":{"drawMode":0,"name":"Shaded","section":"Shading Mode"},"sceneLighting":false,"audioPlay":false,"sceneViewState":{"showFog":true,"showMaterialUpdate":false,"showSkybox":false,"showFlares":true,"showImageEffects":true,"showParticleSystems":true},"in2DMode":false,"pivot":{"x":0.006268724799156189,"y":-0.006497956812381744,"z":0.024944700300693513},"rotation":{"x":-0.06960011273622513,"y":0.55646812915802,"z":0.04685375466942787,"w":0.8266227841377258},"size":0.3135288953781128,"orthographic":false}